user_id,episode_id,cpt,created_at,updated_at
4524940,75834,1,2019-03-27 23:20:33 +0000 UTC,2019-03-27 23:20:33 +0000 UTC
4524940,75835,1,2019-03-27 23:20:33 +0000 UTC,2019-03-27 23:20:33 +0000 UTC
4524940,75836,1,2019-03-27 23:20:33 +0000 UTC,2019-03-27 23:20:33 +0000 UTC
4524940,75837,1,2019-03-27 23:20:33 +0000 UTC,2019-03-27 23:20:33 +0000 UTC
4524940,75838,1,2019-03-27 23:20:33 +0000 UTC,2019-03-27 23:20:33 +0000 UTC
4524940,75839,1,2019-03-27 23:20:33 +0000 UTC,2019-03-27 23:20:33 +0000 UTC
4524940,75840,1,2019-03-27 23:20:33 +0000 UTC,2019-03-27 23:20:33 +0000 UTC
4524940,75841,1,2019-03-27 23:20:33 +0000 UTC,2019-03-27 23:20:33 +0000 UTC
4524940,75842,1,2019-03-27 23:20:33 +0000 UTC,2019-03-27 23:20:33 +0000 UTC
4524940,75843,1,2019-03-27 23:20:33 +0000 UTC,2019-03-27 23:20:33 +0000 UTC
4524940,75844,1,2019-03-27 23:20:33 +0000 UTC,2019-03-27 23:20:33 +0000 UTC
4524940,75845,1,2019-03-27 23:20:33 +0000 UTC,2019-03-27 23:20:33 +0000 UTC
4524940,75846,1,2019-03-27 23:20:33 +0000 UTC,2019-03-27 23:20:33 +0000 UTC
4524940,75847,1,2019-03-27 23:20:33 +0000 UTC,2019-03-27 23:20:33 +0000 UTC
4524940,75848,1,2019-03-27 23:20:33 +0000 UTC,2019-03-27 23:20:33 +0000 UTC
4524940,75849,1,2019-03-27 23:20:33 +0000 UTC,2019-03-27 23:20:33 +0000 UTC
4524940,75850,1,2019-03-27 23:20:33 +0000 UTC,2019-03-27 23:20:33 +0000 UTC
4524940,75851,1,2019-03-27 23:20:33 +0000 UTC,2019-03-27 23:20:33 +0000 UTC
4524940,75852,1,2019-03-27 23:20:33 +0000 UTC,2019-03-27 23:20:33 +0000 UTC
4524940,75853,1,2019-03-27 23:20:33 +0000 UTC,2019-03-27 23:20:33 +0000 UTC
4524940,75854,1,2019-03-27 23:20:33 +0000 UTC,2019-03-27 23:20:33 +0000 UTC
4524940,75855,1,2019-03-27 23:20:33 +0000 UTC,2019-03-27 23:20:33 +0000 UTC
4524940,75856,1,2019-03-27 23:20:38 +0000 UTC,2019-03-27 23:20:38 +0000 UTC
4524940,75857,1,2019-03-27 23:20:38 +0000 UTC,2019-03-27 23:20:38 +0000 UTC
4524940,75858,1,2019-03-27 23:20:38 +0000 UTC,2019-03-27 23:20:38 +0000 UTC
4524940,75859,1,2019-03-27 23:20:38 +0000 UTC,2019-03-27 23:20:38 +0000 UTC
4524940,75860,1,2019-03-27 23:20:38 +0000 UTC,2019-03-27 23:20:38 +0000 UTC
4524940,75861,1,2019-03-27 23:20:38 +0000 UTC,2019-03-27 23:20:38 +0000 UTC
4524940,75862,1,2019-03-27 23:20:38 +0000 UTC,2019-03-27 23:20:38 +0000 UTC
4524940,75863,1,2019-03-27 23:20:38 +0000 UTC,2019-03-27 23:20:38 +0000 UTC
4524940,75864,1,2019-03-27 23:20:38 +0000 UTC,2019-03-27 23:20:38 +0000 UTC
4524940,75865,1,2019-03-27 23:20:38 +0000 UTC,2019-03-27 23:20:38 +0000 UTC
4524940,75866,1,2019-03-27 23:20:38 +0000 UTC,2019-03-27 23:20:38 +0000 UTC
4524940,75867,1,2019-03-27 23:20:38 +0000 UTC,2019-03-27 23:20:38 +0000 UTC
4524940,75868,1,2019-03-27 23:20:38 +0000 UTC,2019-03-27 23:20:38 +0000 UTC
4524940,75869,1,2019-03-27 23:20:38 +0000 UTC,2019-03-27 23:20:38 +0000 UTC
4524940,75870,1,2019-03-27 23:20:38 +0000 UTC,2019-03-27 23:20:38 +0000 UTC
4524940,75871,1,2019-03-27 23:20:38 +0000 UTC,2019-03-27 23:20:38 +0000 UTC
4524940,75872,1,2019-03-27 23:20:38 +0000 UTC,2019-03-27 23:20:38 +0000 UTC
4524940,75873,1,2019-03-27 23:20:38 +0000 UTC,2019-03-27 23:20:38 +0000 UTC
4524940,184602,1,2018-02-08 13:42:25 +0000 UTC,2018-02-08 13:42:25 +0000 UTC
4524940,184603,1,2018-02-08 13:42:25 +0000 UTC,2018-02-08 13:42:25 +0000 UTC
4524940,184604,1,2018-02-08 13:42:25 +0000 UTC,2018-02-08 13:42:25 +0000 UTC
4524940,184605,1,2018-02-08 13:42:25 +0000 UTC,2018-02-08 13:42:25 +0000 UTC
4524940,184606,1,2018-02-08 13:42:25 +0000 UTC,2018-02-08 13:42:25 +0000 UTC
4524940,184607,1,2018-02-08 13:42:25 +0000 UTC,2018-02-08 13:42:25 +0000 UTC
4524940,184608,1,2018-02-08 13:42:25 +0000 UTC,2018-02-08 13:42:25 +0000 UTC
4524940,184609,1,2018-02-08 13:42:25 +0000 UTC,2018-02-08 13:42:25 +0000 UTC
4524940,184610,1,2018-02-08 13:42:25 +0000 UTC,2018-02-08 13:42:25 +0000 UTC
4524940,184611,1,2018-02-08 13:42:25 +0000 UTC,2018-02-08 13:42:25 +0000 UTC
4524940,184612,1,2018-02-08 13:42:25 +0000 UTC,2018-02-08 13:42:25 +0000 UTC
4524940,184613,1,2018-02-08 13:42:25 +0000 UTC,2018-02-08 13:42:25 +0000 UTC
4524940,184614,1,2018-02-08 13:42:25 +0000 UTC,2018-02-08 13:42:25 +0000 UTC
4524940,184615,1,2018-02-08 13:42:25 +0000 UTC,2018-02-08 13:42:25 +0000 UTC
4524940,184616,1,2018-02-08 13:42:25 +0000 UTC,2018-02-08 13:42:25 +0000 UTC
4524940,184617,1,2018-02-08 13:42:25 +0000 UTC,2018-02-08 13:42:25 +0000 UTC
4524940,184618,1,2018-02-08 13:42:25 +0000 UTC,2018-02-08 13:42:25 +0000 UTC
4524940,184619,1,2018-02-08 13:42:25 +0000 UTC,2018-02-08 13:42:25 +0000 UTC
4524940,184620,1,2018-02-08 13:42:25 +0000 UTC,2018-02-08 13:42:25 +0000 UTC
4524940,184621,1,2018-02-08 13:42:25 +0000 UTC,2018-02-08 13:42:25 +0000 UTC
4524940,184622,1,2018-02-08 13:42:25 +0000 UTC,2018-02-08 13:42:25 +0000 UTC
4524940,184623,1,2018-02-08 13:42:25 +0000 UTC,2018-02-08 13:42:25 +0000 UTC
4524940,184624,1,2018-02-08 13:42:25 +0000 UTC,2018-02-08 13:42:25 +0000 UTC
4524940,184625,1,2018-02-08 13:42:25 +0000 UTC,2018-02-08 13:42:25 +0000 UTC
4524940,184627,1,2018-02-08 13:42:26 +0000 UTC,2018-02-08 13:42:26 +0000 UTC
4524940,184628,1,2018-02-08 13:42:26 +0000 UTC,2018-02-08 13:42:26 +0000 UTC
4524940,184629,1,2018-02-08 13:42:26 +0000 UTC,2018-02-08 13:42:26 +0000 UTC
4524940,184630,1,2018-02-08 13:42:26 +0000 UTC,2018-02-08 13:42:26 +0000 UTC
4524940,184631,1,2018-02-08 13:42:26 +0000 UTC,2018-02-08 13:42:26 +0000 UTC
4524940,184632,1,2018-02-08 13:42:26 +0000 UTC,2018-02-08 13:42:26 +0000 UTC
4524940,184633,1,2018-02-08 13:42:26 +0000 UTC,2018-02-08 13:42:26 +0000 UTC
4524940,184634,1,2018-02-08 13:42:26 +0000 UTC,2018-02-08 13:42:26 +0000 UTC
4524940,184635,1,2018-02-08 13:42:26 +0000 UTC,2018-02-08 13:42:26 +0000 UTC
4524940,184636,1,2018-02-08 13:42:26 +0000 UTC,2018-02-08 13:42:26 +0000 UTC
4524940,184637,1,2018-02-08 13:42:26 +0000 UTC,2018-02-08 13:42:26 +0000 UTC
4524940,184638,1,2018-02-08 13:42:26 +0000 UTC,2018-02-08 13:42:26 +0000 UTC
4524940,184639,1,2018-02-08 13:42:26 +0000 UTC,2018-02-08 13:42:26 +0000 UTC
4524940,184640,1,2018-02-08 13:42:26 +0000 UTC,2018-02-08 13:42:26 +0000 UTC
4524940,184641,1,2018-02-08 13:42:26 +0000 UTC,2018-02-08 13:42:26 +0000 UTC
4524940,184642,1,2018-02-08 13:42:26 +0000 UTC,2018-02-08 13:42:26 +0000 UTC
4524940,184643,1,2018-02-08 13:42:26 +0000 UTC,2018-02-08 13:42:26 +0000 UTC
4524940,184644,1,2018-02-08 13:42:26 +0000 UTC,2018-02-08 13:42:26 +0000 UTC
4524940,184645,1,2018-02-08 13:42:26 +0000 UTC,2018-02-08 13:42:26 +0000 UTC
4524940,184646,1,2018-02-08 13:42:26 +0000 UTC,2018-02-08 13:42:26 +0000 UTC
4524940,184647,1,2018-02-08 13:42:26 +0000 UTC,2018-02-08 13:42:26 +0000 UTC
4524940,184648,1,2018-02-08 13:42:26 +0000 UTC,2018-02-08 13:42:26 +0000 UTC
4524940,184649,1,2018-02-08 13:42:27 +0000 UTC,2018-02-08 13:42:27 +0000 UTC
4524940,184650,1,2018-02-08 13:42:27 +0000 UTC,2018-02-08 13:42:27 +0000 UTC
4524940,184651,1,2018-02-08 13:42:27 +0000 UTC,2018-02-08 13:42:27 +0000 UTC
4524940,184652,1,2018-02-08 13:42:27 +0000 UTC,2018-02-08 13:42:27 +0000 UTC
4524940,184653,1,2018-02-08 13:42:27 +0000 UTC,2018-02-08 13:42:27 +0000 UTC
4524940,184654,1,2018-02-08 13:42:27 +0000 UTC,2018-02-08 13:42:27 +0000 UTC
4524940,184655,1,2018-02-08 13:42:27 +0000 UTC,2018-02-08 13:42:27 +0000 UTC
4524940,184656,1,2018-02-08 13:42:27 +0000 UTC,2018-02-08 13:42:27 +0000 UTC
4524940,184657,1,2018-02-08 13:42:27 +0000 UTC,2018-02-08 13:42:27 +0000 UTC
4524940,184658,1,2018-02-08 13:42:27 +0000 UTC,2018-02-08 13:42:27 +0000 UTC
4524940,184659,1,2018-02-08 13:42:27 +0000 UTC,2018-02-08 13:42:27 +0000 UTC
4524940,184660,1,2018-02-08 13:42:27 +0000 UTC,2018-02-08 13:42:27 +0000 UTC
4524940,184661,1,2018-02-08 13:42:27 +0000 UTC,2018-02-08 13:42:27 +0000 UTC
4524940,184662,1,2018-02-08 13:42:27 +0000 UTC,2018-02-08 13:42:27 +0000 UTC
4524940,184663,1,2018-02-08 13:42:27 +0000 UTC,2018-02-08 13:42:27 +0000 UTC
4524940,184664,1,2018-02-08 13:42:27 +0000 UTC,2018-02-08 13:42:27 +0000 UTC
4524940,184665,1,2018-02-08 13:42:27 +0000 UTC,2018-02-08 13:42:27 +0000 UTC
4524940,184666,1,2018-02-08 13:42:27 +0000 UTC,2018-02-08 13:42:27 +0000 UTC
4524940,184667,1,2018-02-08 13:42:27 +0000 UTC,2018-02-08 13:42:27 +0000 UTC
4524940,184668,1,2018-02-08 13:42:27 +0000 UTC,2018-02-08 13:42:27 +0000 UTC
4524940,184669,1,2018-02-08 13:42:27 +0000 UTC,2018-02-08 13:42:27 +0000 UTC
4524940,184670,1,2018-02-08 13:42:27 +0000 UTC,2018-02-08 13:42:27 +0000 UTC
4524940,184671,1,2018-02-08 13:42:29 +0000 UTC,2018-02-08 13:42:29 +0000 UTC
4524940,184672,1,2018-02-08 13:42:29 +0000 UTC,2018-02-08 13:42:29 +0000 UTC
4524940,184673,1,2018-02-08 13:42:29 +0000 UTC,2018-02-08 13:42:29 +0000 UTC
4524940,184674,1,2018-02-08 13:42:29 +0000 UTC,2018-02-08 13:42:29 +0000 UTC
4524940,184675,1,2018-02-08 13:42:29 +0000 UTC,2018-02-08 13:42:29 +0000 UTC
4524940,184676,1,2018-02-08 13:42:29 +0000 UTC,2018-02-08 13:42:29 +0000 UTC
4524940,184677,1,2018-02-08 13:42:29 +0000 UTC,2018-02-08 13:42:29 +0000 UTC
4524940,184678,1,2018-02-08 13:42:29 +0000 UTC,2018-02-08 13:42:29 +0000 UTC
4524940,184679,1,2018-02-08 13:42:29 +0000 UTC,2018-02-08 13:42:29 +0000 UTC
4524940,184680,1,2018-02-08 13:42:29 +0000 UTC,2018-02-08 13:42:29 +0000 UTC
4524940,184681,1,2018-02-08 13:42:29 +0000 UTC,2018-02-08 13:42:29 +0000 UTC
4524940,184682,1,2018-02-08 13:42:29 +0000 UTC,2018-02-08 13:42:29 +0000 UTC
4524940,184683,1,2018-02-08 13:42:29 +0000 UTC,2018-02-08 13:42:29 +0000 UTC
4524940,184684,1,2018-02-08 13:42:29 +0000 UTC,2018-02-08 13:42:29 +0000 UTC
4524940,184685,1,2018-02-08 13:42:29 +0000 UTC,2018-02-08 13:42:29 +0000 UTC
4524940,184686,1,2018-02-08 13:42:29 +0000 UTC,2018-02-08 13:42:29 +0000 UTC
4524940,184687,1,2018-02-08 13:42:29 +0000 UTC,2018-02-08 13:42:29 +0000 UTC
4524940,184688,1,2018-02-08 13:42:29 +0000 UTC,2018-02-08 13:42:29 +0000 UTC
4524940,184689,1,2018-02-08 13:42:29 +0000 UTC,2018-02-08 13:42:29 +0000 UTC
4524940,184690,1,2018-02-08 13:42:29 +0000 UTC,2018-02-08 13:42:29 +0000 UTC
4524940,184691,1,2018-02-08 13:42:29 +0000 UTC,2018-02-08 13:42:29 +0000 UTC
4524940,184692,1,2018-02-08 13:42:29 +0000 UTC,2018-02-08 13:42:29 +0000 UTC
4524940,184693,1,2018-02-08 13:42:29 +0000 UTC,2018-02-08 13:42:29 +0000 UTC
4524940,184694,1,2018-02-08 13:42:29 +0000 UTC,2018-02-08 13:42:29 +0000 UTC
4524940,184695,1,2018-02-08 13:42:29 +0000 UTC,2018-02-08 13:42:29 +0000 UTC
4524940,302606,1,2019-03-27 23:20:42 +0000 UTC,2019-03-27 23:20:42 +0000 UTC
4524940,302635,1,2019-03-27 23:20:42 +0000 UTC,2019-03-27 23:20:42 +0000 UTC
4524940,302820,1,2018-02-08 13:42:31 +0000 UTC,2018-02-08 13:42:31 +0000 UTC
4524940,302821,1,2018-02-08 13:42:31 +0000 UTC,2018-02-08 13:42:31 +0000 UTC
4524940,302822,1,2018-02-08 13:42:31 +0000 UTC,2018-02-08 13:42:31 +0000 UTC
4524940,302823,1,2018-02-08 13:42:31 +0000 UTC,2018-02-08 13:42:31 +0000 UTC
4524940,302824,1,2018-02-08 13:42:31 +0000 UTC,2018-02-08 13:42:31 +0000 UTC
4524940,302825,1,2018-02-08 13:42:31 +0000 UTC,2018-02-08 13:42:31 +0000 UTC
4524940,302826,1,2018-02-08 13:42:31 +0000 UTC,2018-02-08 13:42:31 +0000 UTC
4524940,303584,1,2018-02-08 13:42:31 +0000 UTC,2018-02-08 13:42:31 +0000 UTC
4524940,303585,1,2018-02-08 13:42:31 +0000 UTC,2018-02-08 13:42:31 +0000 UTC
4524940,303586,1,2018-02-08 13:42:31 +0000 UTC,2018-02-08 13:42:31 +0000 UTC
4524940,303587,1,2018-02-08 13:42:31 +0000 UTC,2018-02-08 13:42:31 +0000 UTC
4524940,303588,1,2018-02-08 13:42:31 +0000 UTC,2018-02-08 13:42:31 +0000 UTC
4524940,304984,1,2019-03-27 23:20:42 +0000 UTC,2019-03-27 23:20:42 +0000 UTC
4524940,306154,1,2019-03-27 23:20:42 +0000 UTC,2019-03-27 23:20:42 +0000 UTC
4524940,306155,1,2019-03-27 23:20:42 +0000 UTC,2019-03-27 23:20:42 +0000 UTC
4524940,306156,1,2019-03-27 23:20:42 +0000 UTC,2019-03-27 23:20:42 +0000 UTC
4524940,306157,1,2019-03-27 23:20:42 +0000 UTC,2019-03-27 23:20:42 +0000 UTC
4524940,306158,1,2019-03-27 23:20:42 +0000 UTC,2019-03-27 23:20:42 +0000 UTC
4524940,306159,1,2019-03-27 23:20:42 +0000 UTC,2019-03-27 23:20:42 +0000 UTC
4524940,306160,1,2019-03-27 23:20:42 +0000 UTC,2019-03-27 23:20:42 +0000 UTC
4524940,306161,1,2019-03-27 23:20:42 +0000 UTC,2019-03-27 23:20:42 +0000 UTC
4524940,306162,1,2019-03-27 23:20:42 +0000 UTC,2019-03-27 23:20:42 +0000 UTC
4524940,306163,1,2019-03-27 23:20:42 +0000 UTC,2019-03-27 23:20:42 +0000 UTC
4524940,306209,1,2018-02-08 13:42:31 +0000 UTC,2018-02-08 13:42:31 +0000 UTC
4524940,306210,1,2018-02-08 13:42:31 +0000 UTC,2018-02-08 13:42:31 +0000 UTC
4524940,306211,1,2018-02-08 13:42:31 +0000 UTC,2018-02-08 13:42:31 +0000 UTC
4524940,306212,1,2018-02-08 13:42:31 +0000 UTC,2018-02-08 13:42:31 +0000 UTC
4524940,306213,1,2018-02-08 13:42:31 +0000 UTC,2018-02-08 13:42:31 +0000 UTC
4524940,306214,1,2018-02-08 13:42:31 +0000 UTC,2018-02-08 13:42:31 +0000 UTC
4524940,306327,1,2018-02-08 13:42:31 +0000 UTC,2018-02-08 13:42:31 +0000 UTC
4524940,307019,1,2018-02-08 13:42:31 +0000 UTC,2018-02-08 13:42:31 +0000 UTC
4524940,307110,1,2018-02-08 13:42:31 +0000 UTC,2018-02-08 13:42:31 +0000 UTC
4524940,307111,1,2018-02-08 13:42:31 +0000 UTC,2018-02-08 13:42:31 +0000 UTC
4524940,307112,1,2018-02-08 13:42:31 +0000 UTC,2018-02-08 13:42:31 +0000 UTC
4524940,307113,1,2018-02-08 13:42:31 +0000 UTC,2018-02-08 13:42:31 +0000 UTC
4524940,314309,1,2018-02-08 13:42:32 +0000 UTC,2018-02-08 13:42:32 +0000 UTC
4524940,314310,1,2018-02-08 13:42:32 +0000 UTC,2018-02-08 13:42:32 +0000 UTC
4524940,314311,1,2018-02-08 13:42:32 +0000 UTC,2018-02-08 13:42:32 +0000 UTC
4524940,314312,1,2018-02-08 13:42:32 +0000 UTC,2018-02-08 13:42:32 +0000 UTC
4524940,314313,1,2018-02-08 13:42:32 +0000 UTC,2018-02-08 13:42:32 +0000 UTC
4524940,314314,1,2018-02-08 13:42:32 +0000 UTC,2018-02-08 13:42:32 +0000 UTC
4524940,314315,1,2018-02-08 13:42:32 +0000 UTC,2018-02-08 13:42:32 +0000 UTC
4524940,315313,1,2018-02-08 13:42:32 +0000 UTC,2018-02-08 13:42:32 +0000 UTC
4524940,315633,1,2018-02-08 13:42:32 +0000 UTC,2018-02-08 13:42:32 +0000 UTC
4524940,319298,1,2018-02-08 13:42:32 +0000 UTC,2018-02-08 13:42:32 +0000 UTC
4524940,319299,1,2018-02-08 13:42:32 +0000 UTC,2018-02-08 13:42:32 +0000 UTC
4524940,319300,1,2018-02-08 13:42:32 +0000 UTC,2018-02-08 13:42:32 +0000 UTC
4524940,320220,1,2018-02-08 13:42:32 +0000 UTC,2018-02-08 13:42:32 +0000 UTC
4524940,320733,1,2018-02-08 13:42:32 +0000 UTC,2018-02-08 13:42:32 +0000 UTC
4524940,323045,1,2018-02-08 13:42:32 +0000 UTC,2018-02-08 13:42:32 +0000 UTC
4524940,323566,1,2018-02-08 13:42:32 +0000 UTC,2018-02-08 13:42:32 +0000 UTC
4524940,323567,1,2018-02-08 13:42:32 +0000 UTC,2018-02-08 13:42:32 +0000 UTC
4524940,324322,1,2018-02-08 13:42:32 +0000 UTC,2018-02-08 13:42:32 +0000 UTC
4524940,324794,1,2018-02-08 13:42:32 +0000 UTC,2018-02-08 13:42:32 +0000 UTC
4524940,327018,1,2018-02-08 13:42:32 +0000 UTC,2018-02-08 13:42:32 +0000 UTC
4524940,327019,1,2018-02-08 13:42:32 +0000 UTC,2018-02-08 13:42:32 +0000 UTC
4524940,327020,1,2018-02-08 13:42:32 +0000 UTC,2018-02-08 13:42:32 +0000 UTC
4524940,339383,1,2018-02-08 13:42:36 +0000 UTC,2018-02-08 13:42:36 +0000 UTC
4524940,339384,1,2018-02-08 13:42:36 +0000 UTC,2018-02-08 13:42:36 +0000 UTC
4524940,339385,1,2018-02-08 13:42:36 +0000 UTC,2018-02-08 13:42:36 +0000 UTC
4524940,339386,1,2018-02-08 13:42:36 +0000 UTC,2018-02-08 13:42:36 +0000 UTC
4524940,343702,1,2018-02-08 13:42:36 +0000 UTC,2018-02-08 13:42:36 +0000 UTC
4524940,344610,1,2018-02-08 13:42:36 +0000 UTC,2018-02-08 13:42:36 +0000 UTC
4524940,346449,1,2018-02-08 13:42:36 +0000 UTC,2018-02-08 13:42:36 +0000 UTC
4524940,349232,1,2018-02-08 13:42:01 +0000 UTC,2018-02-08 13:42:01 +0000 UTC
4524940,349233,1,2018-02-08 13:42:01 +0000 UTC,2018-02-08 13:42:01 +0000 UTC
4524940,349235,1,2018-02-08 13:42:01 +0000 UTC,2018-02-08 13:42:01 +0000 UTC
4524940,349236,1,2018-02-08 13:42:01 +0000 UTC,2018-02-08 13:42:01 +0000 UTC
4524940,349238,1,2018-02-08 13:42:01 +0000 UTC,2018-02-08 13:42:01 +0000 UTC
4524940,352534,1,2018-02-08 13:42:01 +0000 UTC,2018-02-08 13:42:01 +0000 UTC
4524940,355100,1,2018-02-08 13:42:01 +0000 UTC,2018-02-08 13:42:01 +0000 UTC
4524940,359979,1,2018-02-08 13:42:36 +0000 UTC,2018-02-08 13:42:36 +0000 UTC
4524940,359980,1,2018-02-08 13:42:36 +0000 UTC,2018-02-08 13:42:36 +0000 UTC
4524940,359981,1,2018-02-08 13:42:36 +0000 UTC,2018-02-08 13:42:36 +0000 UTC
4524940,359982,1,2018-02-08 13:42:36 +0000 UTC,2018-02-08 13:42:36 +0000 UTC
4524940,401823,1,2018-02-08 13:42:37 +0000 UTC,2018-02-08 13:42:37 +0000 UTC
4524940,401824,1,2018-02-08 13:42:37 +0000 UTC,2018-02-08 13:42:37 +0000 UTC
4524940,401825,1,2018-02-08 13:42:37 +0000 UTC,2018-02-08 13:42:37 +0000 UTC
4524940,401826,1,2018-02-08 13:42:37 +0000 UTC,2018-02-08 13:42:37 +0000 UTC
4524940,401827,1,2018-02-08 13:42:37 +0000 UTC,2018-02-08 13:42:37 +0000 UTC
4524940,401828,1,2018-02-08 13:42:37 +0000 UTC,2018-02-08 13:42:37 +0000 UTC
4524940,401829,1,2018-02-08 13:42:37 +0000 UTC,2018-02-08 13:42:37 +0000 UTC
4524940,401830,1,2018-02-08 13:42:37 +0000 UTC,2018-02-08 13:42:37 +0000 UTC
4524940,401831,1,2018-02-08 13:42:37 +0000 UTC,2018-02-08 13:42:37 +0000 UTC
4524940,401832,1,2018-02-08 13:42:37 +0000 UTC,2018-02-08 13:42:37 +0000 UTC
4524940,401833,1,2018-02-08 13:42:37 +0000 UTC,2018-02-08 13:42:37 +0000 UTC
4524940,401834,1,2018-02-08 13:42:37 +0000 UTC,2018-02-08 13:42:37 +0000 UTC
4524940,401835,1,2018-02-08 13:42:37 +0000 UTC,2018-02-08 13:42:37 +0000 UTC
4524940,401836,1,2018-02-08 13:42:37 +0000 UTC,2018-02-08 13:42:37 +0000 UTC
4524940,401837,1,2018-02-08 13:42:37 +0000 UTC,2018-02-08 13:42:37 +0000 UTC
4524940,401838,1,2018-02-08 13:42:37 +0000 UTC,2018-02-08 13:42:37 +0000 UTC
4524940,401839,1,2018-02-08 13:42:37 +0000 UTC,2018-02-08 13:42:37 +0000 UTC
4524940,401840,1,2018-02-08 13:42:37 +0000 UTC,2018-02-08 13:42:37 +0000 UTC
4524940,438912,1,2018-02-08 13:42:04 +0000 UTC,2018-02-08 13:42:04 +0000 UTC
4524940,438913,1,2018-02-08 13:42:04 +0000 UTC,2018-02-08 13:42:04 +0000 UTC
4524940,438914,1,2018-02-08 13:42:04 +0000 UTC,2018-02-08 13:42:04 +0000 UTC
4524940,438915,1,2018-02-08 13:42:04 +0000 UTC,2018-02-08 13:42:04 +0000 UTC
4524940,438916,1,2018-02-08 13:42:04 +0000 UTC,2018-02-08 13:42:04 +0000 UTC
4524940,438917,1,2018-02-08 13:42:04 +0000 UTC,2018-02-08 13:42:04 +0000 UTC
4524940,438918,1,2018-02-08 13:42:04 +0000 UTC,2018-02-08 13:42:04 +0000 UTC
4524940,438919,1,2018-02-08 13:42:04 +0000 UTC,2018-02-08 13:42:04 +0000 UTC
4524940,438920,1,2018-02-08 13:42:04 +0000 UTC,2018-02-08 13:42:04 +0000 UTC
4524940,438921,1,2018-02-08 13:42:04 +0000 UTC,2018-02-08 13:42:04 +0000 UTC
4524940,438922,1,2018-02-08 13:42:04 +0000 UTC,2018-02-08 13:42:04 +0000 UTC
4524940,438923,1,2018-02-08 13:42:04 +0000 UTC,2018-02-08 13:42:04 +0000 UTC
4524940,438924,1,2018-02-08 13:42:04 +0000 UTC,2018-02-08 13:42:04 +0000 UTC
4524940,1269261,1,2018-02-08 13:42:38 +0000 UTC,2018-02-08 13:42:38 +0000 UTC
4524940,1309751,1,2018-02-08 13:42:38 +0000 UTC,2018-02-08 13:42:38 +0000 UTC
4524940,1309761,1,2018-02-08 13:42:38 +0000 UTC,2018-02-08 13:42:38 +0000 UTC
4524940,1309771,1,2018-02-08 13:42:38 +0000 UTC,2018-02-08 13:42:38 +0000 UTC
4524940,1309781,1,2018-02-08 13:42:38 +0000 UTC,2018-02-08 13:42:38 +0000 UTC
4524940,1309791,1,2018-02-08 13:42:38 +0000 UTC,2018-02-08 13:42:38 +0000 UTC
4524940,1309801,1,2018-02-08 13:42:38 +0000 UTC,2018-02-08 13:42:38 +0000 UTC
4524940,1330871,1,2018-02-08 13:42:38 +0000 UTC,2018-02-08 13:42:38 +0000 UTC
4524940,1330881,1,2018-02-08 13:42:38 +0000 UTC,2018-02-08 13:42:38 +0000 UTC
4524940,1330891,1,2018-02-08 13:42:38 +0000 UTC,2018-02-08 13:42:38 +0000 UTC
4524940,1379731,1,2018-02-08 13:42:38 +0000 UTC,2018-02-08 13:42:38 +0000 UTC
4524940,1379741,1,2018-02-08 13:42:38 +0000 UTC,2018-02-08 13:42:38 +0000 UTC
4524940,1406911,1,2018-02-08 13:42:38 +0000 UTC,2018-02-08 13:42:38 +0000 UTC
4524940,1533641,1,2018-02-08 13:42:05 +0000 UTC,2018-02-08 13:42:05 +0000 UTC
4524940,1894731,1,2018-02-08 13:42:05 +0000 UTC,2018-02-08 13:42:05 +0000 UTC
4524940,1894741,1,2018-02-08 13:42:06 +0000 UTC,2018-02-08 13:42:06 +0000 UTC
4524940,2012411,1,2018-02-08 13:42:06 +0000 UTC,2018-02-08 13:42:06 +0000 UTC
4524940,2055301,1,2018-02-08 13:42:06 +0000 UTC,2018-02-08 13:42:06 +0000 UTC
4524940,2062371,1,2018-02-08 13:42:06 +0000 UTC,2018-02-08 13:42:06 +0000 UTC
4524940,2062381,1,2018-02-08 13:42:06 +0000 UTC,2018-02-08 13:42:06 +0000 UTC
4524940,2062391,1,2018-02-08 13:42:06 +0000 UTC,2018-02-08 13:42:06 +0000 UTC
4524940,2062401,1,2018-02-08 13:42:06 +0000 UTC,2018-02-08 13:42:06 +0000 UTC
4524940,2062411,1,2018-02-08 13:42:06 +0000 UTC,2018-02-08 13:42:06 +0000 UTC
4524940,2062421,1,2018-02-08 13:42:06 +0000 UTC,2018-02-08 13:42:06 +0000 UTC
4524940,2106591,1,2018-02-08 13:42:06 +0000 UTC,2018-02-08 13:42:06 +0000 UTC
4524940,2106601,1,2018-02-08 13:42:06 +0000 UTC,2018-02-08 13:42:06 +0000 UTC
4524940,2639411,1,2018-02-08 13:42:07 +0000 UTC,2018-02-08 13:42:07 +0000 UTC
4524940,4103847,1,2018-02-08 13:42:07 +0000 UTC,2018-02-08 13:42:07 +0000 UTC
4524940,4110088,1,2018-02-08 13:42:07 +0000 UTC,2018-02-08 13:42:07 +0000 UTC
4524940,4123350,1,2018-02-08 13:42:07 +0000 UTC,2018-02-08 13:42:07 +0000 UTC
4524940,4123351,1,2018-02-08 13:42:07 +0000 UTC,2018-02-08 13:42:07 +0000 UTC
4524940,4123352,1,2018-02-08 13:42:07 +0000 UTC,2018-02-08 13:42:07 +0000 UTC
4524940,4123353,1,2018-02-08 13:42:07 +0000 UTC,2018-02-08 13:42:07 +0000 UTC
4524940,4127161,1,2018-02-08 13:42:07 +0000 UTC,2018-02-08 13:42:07 +0000 UTC
4524940,4145291,1,2018-02-08 13:42:07 +0000 UTC,2018-02-08 13:42:07 +0000 UTC
4524940,4157318,1,2018-02-08 13:42:07 +0000 UTC,2018-02-08 13:42:07 +0000 UTC
4524940,4159118,1,2018-02-08 13:42:07 +0000 UTC,2018-02-08 13:42:07 +0000 UTC
4524940,4164049,1,2018-02-08 13:42:07 +0000 UTC,2018-02-08 13:42:07 +0000 UTC
4524940,4164050,1,2018-02-08 13:42:07 +0000 UTC,2018-02-08 13:42:07 +0000 UTC
4524940,4307741,1,2018-02-08 13:42:08 +0000 UTC,2018-02-08 13:42:08 +0000 UTC
4524940,4339517,1,2018-02-08 13:42:08 +0000 UTC,2018-02-08 13:42:08 +0000 UTC
4524940,4339518,1,2018-02-08 13:42:08 +0000 UTC,2018-02-08 13:42:08 +0000 UTC
4524940,4354293,1,2018-02-08 13:42:08 +0000 UTC,2018-02-08 13:42:08 +0000 UTC
4524940,4354294,1,2018-02-08 13:42:08 +0000 UTC,2018-02-08 13:42:08 +0000 UTC
4524940,4354295,1,2018-02-08 13:42:08 +0000 UTC,2018-02-08 13:42:08 +0000 UTC
4524940,4354296,1,2018-02-08 13:42:08 +0000 UTC,2018-02-08 13:42:08 +0000 UTC
4524940,4364463,1,2018-02-08 13:42:08 +0000 UTC,2018-02-08 13:42:08 +0000 UTC
4524940,4392165,1,2019-03-29 08:50:27 +0000 UTC,2019-03-29 08:50:27 +0000 UTC
4524940,4460000,1,2019-03-29 08:50:27 +0000 UTC,2019-03-29 08:50:27 +0000 UTC
4524940,4460002,1,2019-03-29 08:50:27 +0000 UTC,2019-03-29 08:50:27 +0000 UTC
4524940,4460003,1,2019-03-29 08:50:27 +0000 UTC,2019-03-29 08:50:27 +0000 UTC
4524940,4460004,1,2019-03-29 08:50:27 +0000 UTC,2019-03-29 08:50:27 +0000 UTC
4524940,4460005,1,2019-03-29 08:50:27 +0000 UTC,2019-03-29 08:50:27 +0000 UTC
4524940,4460007,1,2019-03-29 08:50:27 +0000 UTC,2019-03-29 08:50:27 +0000 UTC
4524940,4460008,1,2019-03-29 08:50:27 +0000 UTC,2019-03-29 08:50:27 +0000 UTC
4524940,4460009,1,2019-03-29 08:50:27 +0000 UTC,2019-03-29 08:50:27 +0000 UTC
4524940,4460011,1,2019-03-29 08:50:27 +0000 UTC,2019-03-29 08:50:27 +0000 UTC
4524940,4460012,1,2019-03-29 08:50:27 +0000 UTC,2019-03-29 08:50:27 +0000 UTC
4524940,4460013,1,2019-03-29 08:50:27 +0000 UTC,2019-03-29 08:50:27 +0000 UTC
4524940,4460014,1,2019-03-29 08:50:27 +0000 UTC,2019-03-29 08:50:27 +0000 UTC
4524940,4460015,1,2019-03-29 08:50:27 +0000 UTC,2019-03-29 08:50:27 +0000 UTC
4524940,4460282,1,2018-02-08 13:42:08 +0000 UTC,2018-02-08 13:42:08 +0000 UTC
4524940,4543822,1,2019-03-29 08:50:27 +0000 UTC,2019-03-29 08:50:27 +0000 UTC
4524940,4553036,1,2018-02-08 13:42:08 +0000 UTC,2018-02-08 13:42:08 +0000 UTC
4524940,4553037,1,2018-02-08 13:42:08 +0000 UTC,2018-02-08 13:42:08 +0000 UTC
4524940,4553038,1,2018-02-08 13:42:08 +0000 UTC,2018-02-08 13:42:08 +0000 UTC
4524940,4553039,1,2018-02-08 13:42:08 +0000 UTC,2018-02-08 13:42:08 +0000 UTC
4524940,4553040,1,2018-02-08 13:42:08 +0000 UTC,2018-02-08 13:42:08 +0000 UTC
4524940,4553041,1,2018-02-08 13:42:08 +0000 UTC,2018-02-08 13:42:08 +0000 UTC
4524940,4553042,1,2018-02-08 13:42:08 +0000 UTC,2018-02-08 13:42:08 +0000 UTC
4524940,4592328,2,2018-02-08 13:45:17 +0000 UTC,2019-03-14 14:58:34 +0000 UTC
4524940,4592329,2,2018-02-08 13:45:17 +0000 UTC,2019-03-14 14:58:34 +0000 UTC
4524940,4592330,2,2018-02-08 13:45:17 +0000 UTC,2019-03-14 14:58:34 +0000 UTC
4524940,4592331,2,2018-02-08 13:45:17 +0000 UTC,2019-03-14 14:58:34 +0000 UTC
4524940,4592332,2,2018-02-08 13:45:17 +0000 UTC,2019-03-14 14:58:34 +0000 UTC
4524940,4592333,2,2018-02-08 13:45:17 +0000 UTC,2019-03-14 14:58:34 +0000 UTC
4524940,4592334,2,2018-02-08 13:45:17 +0000 UTC,2019-03-14 14:58:34 +0000 UTC
4524940,4592335,2,2018-02-08 13:45:17 +0000 UTC,2019-03-14 14:58:34 +0000 UTC
4524940,4626050,1,2018-02-08 13:43:18 +0000 UTC,2018-02-08 13:43:18 +0000 UTC
4524940,4656713,1,2018-02-08 13:43:03 +0000 UTC,2018-02-08 13:43:03 +0000 UTC
4524940,4711142,3,2018-02-08 13:43:25 +0000 UTC,2018-02-08 13:43:30 +0000 UTC
4524940,4725805,3,2018-02-08 13:43:25 +0000 UTC,2018-02-08 13:43:30 +0000 UTC
4524940,4730467,3,2018-02-08 13:43:25 +0000 UTC,2018-02-08 13:43:30 +0000 UTC
4524940,4743885,3,2018-02-08 13:43:25 +0000 UTC,2018-02-08 13:43:30 +0000 UTC
4524940,4743886,3,2018-02-08 13:43:25 +0000 UTC,2018-02-08 13:43:30 +0000 UTC
4524940,4743887,3,2018-02-08 13:43:25 +0000 UTC,2018-02-08 13:43:30 +0000 UTC
4524940,4743888,3,2018-02-08 13:43:25 +0000 UTC,2018-02-08 13:43:30 +0000 UTC
4524940,4743889,3,2018-02-08 13:43:25 +0000 UTC,2018-02-08 13:43:30 +0000 UTC
4524940,4743890,3,2018-02-08 13:43:25 +0000 UTC,2018-02-08 13:43:30 +0000 UTC
4524940,4743891,3,2018-02-08 13:43:25 +0000 UTC,2018-02-08 13:43:30 +0000 UTC
4524940,4743892,3,2018-02-08 13:43:25 +0000 UTC,2018-02-08 13:43:30 +0000 UTC
4524940,4750417,1,2018-02-08 13:43:03 +0000 UTC,2018-02-08 13:43:03 +0000 UTC
4524940,4808528,1,2018-02-08 13:43:18 +0000 UTC,2018-02-08 13:43:18 +0000 UTC
4524940,4808529,1,2018-02-08 13:43:18 +0000 UTC,2018-02-08 13:43:18 +0000 UTC
4524940,4808530,1,2018-02-08 13:43:18 +0000 UTC,2018-02-08 13:43:18 +0000 UTC
4524940,4808531,1,2018-02-08 13:43:18 +0000 UTC,2018-02-08 13:43:18 +0000 UTC
4524940,4808533,1,2018-02-08 13:43:18 +0000 UTC,2018-02-08 13:43:18 +0000 UTC
4524940,4808534,1,2018-02-08 13:43:18 +0000 UTC,2018-02-08 13:43:18 +0000 UTC
4524940,4808535,1,2018-02-08 13:43:18 +0000 UTC,2018-02-08 13:43:18 +0000 UTC
4524940,4808536,1,2018-02-08 13:43:18 +0000 UTC,2018-02-08 13:43:18 +0000 UTC
4524940,4808538,1,2018-02-08 13:43:18 +0000 UTC,2018-02-08 13:43:18 +0000 UTC
4524940,4853842,1,2018-02-08 13:43:03 +0000 UTC,2018-02-08 13:43:03 +0000 UTC
4524940,4853843,1,2018-02-08 13:43:03 +0000 UTC,2018-02-08 13:43:03 +0000 UTC
4524940,4853846,1,2018-02-08 13:43:03 +0000 UTC,2018-02-08 13:43:03 +0000 UTC
4524940,4853850,1,2018-02-08 13:43:03 +0000 UTC,2018-02-08 13:43:03 +0000 UTC
4524940,4853854,1,2018-02-08 13:43:03 +0000 UTC,2018-02-08 13:43:03 +0000 UTC
4524940,4853855,1,2018-02-08 13:43:03 +0000 UTC,2018-02-08 13:43:03 +0000 UTC
4524940,4853856,1,2018-02-08 13:43:03 +0000 UTC,2018-02-08 13:43:03 +0000 UTC
4524940,4853857,1,2018-02-08 13:43:03 +0000 UTC,2018-02-08 13:43:03 +0000 UTC
4524940,5077068,1,2018-02-08 13:44:49 +0000 UTC,2018-02-08 13:44:49 +0000 UTC
4524940,5155243,1,2019-07-20 17:45:26 +0000 UTC,2019-07-20 17:45:26 +0000 UTC
4524940,5168971,1,2018-02-08 13:43:04 +0000 UTC,2018-02-08 13:43:04 +0000 UTC
4524940,5169023,1,2018-02-08 13:43:04 +0000 UTC,2018-02-08 13:43:04 +0000 UTC
4524940,5169024,1,2018-02-08 13:43:04 +0000 UTC,2018-02-08 13:43:04 +0000 UTC
4524940,5169028,1,2018-02-08 13:43:04 +0000 UTC,2018-02-08 13:43:04 +0000 UTC
4524940,5209419,1,2018-02-08 13:43:04 +0000 UTC,2018-02-08 13:43:04 +0000 UTC
4524940,5209420,1,2018-02-08 13:43:04 +0000 UTC,2018-02-08 13:43:04 +0000 UTC
4524940,5209421,1,2018-02-08 13:43:04 +0000 UTC,2018-02-08 13:43:04 +0000 UTC
4524940,5209422,1,2018-02-08 13:43:04 +0000 UTC,2018-02-08 13:43:04 +0000 UTC
4524940,5209423,1,2018-02-08 13:43:04 +0000 UTC,2018-02-08 13:43:04 +0000 UTC
4524940,5209424,1,2018-02-08 13:43:04 +0000 UTC,2018-02-08 13:43:04 +0000 UTC
4524940,5225680,3,2018-02-08 13:43:31 +0000 UTC,2018-02-08 13:43:33 +0000 UTC
4524940,5240604,1,2018-02-08 13:44:49 +0000 UTC,2018-02-08 13:44:49 +0000 UTC
4524940,5240605,1,2018-02-08 13:44:49 +0000 UTC,2018-02-08 13:44:49 +0000 UTC
4524940,5240606,1,2018-02-08 13:44:49 +0000 UTC,2018-02-08 13:44:49 +0000 UTC
4524940,5240607,1,2018-02-08 13:44:49 +0000 UTC,2018-02-08 13:44:49 +0000 UTC
4524940,5240610,1,2018-02-08 13:44:49 +0000 UTC,2018-02-08 13:44:49 +0000 UTC
4524940,5240613,1,2018-02-08 13:44:49 +0000 UTC,2018-02-08 13:44:49 +0000 UTC
4524940,5240615,1,2018-02-08 13:44:49 +0000 UTC,2018-02-08 13:44:49 +0000 UTC
4524940,5240616,1,2018-02-08 13:44:49 +0000 UTC,2018-02-08 13:44:49 +0000 UTC
4524940,5240617,1,2018-02-08 13:44:49 +0000 UTC,2018-02-08 13:44:49 +0000 UTC
4524940,5265205,3,2018-02-08 13:43:31 +0000 UTC,2018-02-08 13:43:33 +0000 UTC
4524940,5290447,3,2018-02-08 13:43:31 +0000 UTC,2018-02-08 13:43:33 +0000 UTC
4524940,5292288,3,2018-02-08 13:43:31 +0000 UTC,2018-02-08 13:43:33 +0000 UTC
4524940,5292289,3,2018-02-08 13:43:31 +0000 UTC,2018-02-08 13:43:33 +0000 UTC
4524940,5292290,3,2018-02-08 13:43:31 +0000 UTC,2018-02-08 13:43:33 +0000 UTC
4524940,5300871,1,2018-02-08 13:43:19 +0000 UTC,2018-02-08 13:43:19 +0000 UTC
4524940,5309462,3,2018-02-08 13:43:31 +0000 UTC,2018-02-08 13:43:33 +0000 UTC
4524940,5309463,3,2018-02-08 13:43:31 +0000 UTC,2018-02-08 13:43:33 +0000 UTC
4524940,5335865,3,2018-02-08 13:43:31 +0000 UTC,2018-02-08 13:43:33 +0000 UTC
4524940,5335866,3,2018-02-08 13:43:31 +0000 UTC,2018-02-08 13:43:33 +0000 UTC
4524940,5343365,1,2018-02-08 13:43:19 +0000 UTC,2018-02-08 13:43:19 +0000 UTC
4524940,5343660,1,2019-07-20 17:45:26 +0000 UTC,2019-07-20 17:45:26 +0000 UTC
4524940,5343661,1,2019-07-20 17:45:26 +0000 UTC,2019-07-20 17:45:26 +0000 UTC
4524940,5343662,1,2019-07-20 17:45:26 +0000 UTC,2019-07-20 17:45:26 +0000 UTC
4524940,5344820,1,2018-02-08 13:43:19 +0000 UTC,2018-02-08 13:43:19 +0000 UTC
4524940,5355670,1,2019-07-20 17:45:26 +0000 UTC,2019-07-20 17:45:26 +0000 UTC
4524940,5355671,1,2019-07-20 17:45:26 +0000 UTC,2019-07-20 17:45:26 +0000 UTC
4524940,5355672,1,2019-07-20 17:45:26 +0000 UTC,2019-07-20 17:45:26 +0000 UTC
4524940,5356994,1,2019-07-20 17:45:26 +0000 UTC,2019-07-20 17:45:26 +0000 UTC
4524940,5356995,1,2019-07-20 17:45:26 +0000 UTC,2019-07-20 17:45:26 +0000 UTC
4524940,5356996,1,2019-07-20 17:45:26 +0000 UTC,2019-07-20 17:45:26 +0000 UTC
4524940,5356997,1,2019-07-20 17:45:26 +0000 UTC,2019-07-20 17:45:26 +0000 UTC
4524940,5356998,1,2019-07-20 17:45:26 +0000 UTC,2019-07-20 17:45:26 +0000 UTC
4524940,5359705,1,2018-02-08 13:43:19 +0000 UTC,2018-02-08 13:43:19 +0000 UTC
4524940,5360674,1,2018-02-08 13:43:19 +0000 UTC,2018-02-08 13:43:19 +0000 UTC
4524940,5360675,1,2018-02-08 13:43:19 +0000 UTC,2018-02-08 13:43:19 +0000 UTC
4524940,5360676,1,2018-02-08 13:43:19 +0000 UTC,2018-02-08 13:43:19 +0000 UTC
4524940,5369447,1,2018-02-08 13:43:19 +0000 UTC,2018-02-08 13:43:19 +0000 UTC
4524940,5369448,1,2018-02-08 13:43:19 +0000 UTC,2018-02-08 13:43:19 +0000 UTC
4524940,5370812,1,2018-02-08 13:43:19 +0000 UTC,2018-02-08 13:43:19 +0000 UTC
4524940,5446926,1,2019-07-20 17:45:26 +0000 UTC,2019-07-20 17:45:26 +0000 UTC
4524940,5446928,1,2019-07-20 17:45:26 +0000 UTC,2019-07-20 17:45:26 +0000 UTC
4524940,5450221,1,2019-07-20 17:45:26 +0000 UTC,2019-07-20 17:45:26 +0000 UTC
4524940,5450222,1,2019-07-20 17:45:26 +0000 UTC,2019-07-20 17:45:26 +0000 UTC
4524940,5450223,1,2019-07-20 17:45:26 +0000 UTC,2019-07-20 17:45:26 +0000 UTC
4524940,5450224,1,2019-07-20 17:45:26 +0000 UTC,2019-07-20 17:45:26 +0000 UTC
4524940,5592798,1,2018-02-08 13:43:05 +0000 UTC,2018-02-08 13:43:05 +0000 UTC
4524940,5592799,1,2018-02-08 13:43:05 +0000 UTC,2018-02-08 13:43:05 +0000 UTC
4524940,5592800,1,2018-02-08 13:43:05 +0000 UTC,2018-02-08 13:43:05 +0000 UTC
4524940,5592801,1,2018-02-08 13:43:05 +0000 UTC,2018-02-08 13:43:05 +0000 UTC
4524940,5592802,1,2018-02-08 13:43:05 +0000 UTC,2018-02-08 13:43:05 +0000 UTC
4524940,5592803,1,2018-02-08 13:43:05 +0000 UTC,2018-02-08 13:43:05 +0000 UTC
4524940,5592804,1,2018-02-08 13:43:05 +0000 UTC,2018-02-08 13:43:05 +0000 UTC
4524940,5619680,1,2018-02-08 13:43:05 +0000 UTC,2018-02-08 13:43:05 +0000 UTC
4524940,5619681,1,2018-02-08 13:43:05 +0000 UTC,2018-02-08 13:43:05 +0000 UTC
4524940,5662780,1,2018-02-08 13:43:05 +0000 UTC,2018-02-08 13:43:05 +0000 UTC
4524940,5978330,1,2018-02-08 13:43:20 +0000 UTC,2018-02-08 13:43:20 +0000 UTC
4524940,5996603,1,2018-02-08 13:43:20 +0000 UTC,2018-02-08 13:43:20 +0000 UTC
4524940,5996604,1,2018-02-08 13:43:20 +0000 UTC,2018-02-08 13:43:20 +0000 UTC
4524940,5996605,1,2018-02-08 13:43:20 +0000 UTC,2018-02-08 13:43:20 +0000 UTC
4524940,5996606,1,2018-02-08 13:43:20 +0000 UTC,2018-02-08 13:43:20 +0000 UTC
4524940,5996607,1,2018-02-08 13:43:20 +0000 UTC,2018-02-08 13:43:20 +0000 UTC
4524940,5996608,1,2018-02-08 13:43:20 +0000 UTC,2018-02-08 13:43:20 +0000 UTC
4524940,5996609,1,2018-02-08 13:43:21 +0000 UTC,2018-02-08 13:43:21 +0000 UTC
4524940,5996610,1,2018-02-08 13:43:21 +0000 UTC,2018-02-08 13:43:21 +0000 UTC
4524940,5996611,1,2018-02-08 13:43:21 +0000 UTC,2018-02-08 13:43:21 +0000 UTC
4524940,6016897,3,2018-02-08 13:43:35 +0000 UTC,2018-02-08 13:43:39 +0000 UTC
4524940,6058270,3,2018-02-08 13:43:35 +0000 UTC,2018-02-08 13:43:39 +0000 UTC
4524940,6074061,3,2018-02-08 13:43:35 +0000 UTC,2018-02-08 13:43:39 +0000 UTC
4524940,6111227,3,2018-02-08 13:43:35 +0000 UTC,2018-02-08 13:43:39 +0000 UTC
4524940,6111926,1,2018-02-08 13:43:07 +0000 UTC,2018-02-08 13:43:07 +0000 UTC
4524940,6191160,1,2018-02-08 13:43:07 +0000 UTC,2018-02-08 13:43:07 +0000 UTC
4524940,6191161,1,2018-02-08 13:43:07 +0000 UTC,2018-02-08 13:43:07 +0000 UTC
4524940,6191162,1,2018-02-08 13:43:07 +0000 UTC,2018-02-08 13:43:07 +0000 UTC
4524940,6191163,1,2018-02-08 13:43:07 +0000 UTC,2018-02-08 13:43:07 +0000 UTC
4524940,6191166,1,2018-02-08 13:43:07 +0000 UTC,2018-02-08 13:43:07 +0000 UTC
4524940,6191167,1,2018-02-08 13:43:07 +0000 UTC,2018-02-08 13:43:07 +0000 UTC
4524940,6191168,1,2018-02-08 13:43:07 +0000 UTC,2018-02-08 13:43:07 +0000 UTC
4524940,6191171,1,2018-02-08 13:43:07 +0000 UTC,2018-02-08 13:43:07 +0000 UTC
4524940,6231154,3,2018-02-08 13:43:35 +0000 UTC,2018-02-08 13:43:39 +0000 UTC
4524940,6231155,3,2018-02-08 13:43:35 +0000 UTC,2018-02-08 13:43:39 +0000 UTC
4524940,6241986,4,2018-02-08 13:43:35 +0000 UTC,2018-12-07 11:57:03 +0000 UTC
4524940,6241987,3,2018-02-08 13:43:35 +0000 UTC,2018-02-08 13:43:39 +0000 UTC
4524940,6263084,1,2018-02-08 13:43:07 +0000 UTC,2018-02-08 13:43:07 +0000 UTC
4524940,6288260,3,2018-02-08 13:43:35 +0000 UTC,2018-02-08 13:43:39 +0000 UTC
4524940,6288278,3,2018-02-08 13:43:35 +0000 UTC,2018-02-08 13:43:39 +0000 UTC
